{
  "formatVersion": 1,
  "database": {
    "version": 1,
    "identityHash": "e7826934d01773f3317d5c36347643e4",
    "entities": [
      {
        "tableName": "Presets",
        "createSql": "CREATE TABLE IF NOT EXISTS `${TABLE_NAME}` (`id` INTEGER NOT NULL, `Protocol` TEXT, `Alias` TEXT, `Address` TEXT, `Port` INTEGER NOT NULL, PRIMARY KEY(`id`))",
        "fields": [
          {
            "fieldPath": "id",
            "columnName": "id",
            "affinity": "INTEGER",
            "notNull": true
          },
          {
            "fieldPath": "protocol",
            "columnName": "Protocol",
            "affinity": "TEXT",
            "notNull": false
          },
          {
            "fieldPath": "alias",
            "columnName": "Alias",
            "affinity": "TEXT",
            "notNull": false
          },
          {
            "fieldPath": "address",
            "columnName": "Address",
            "affinity": "TEXT",
            "notNull": false
          },
          {
            "fieldPath": "port",
            "columnName": "Port",
            "affinity": "INTEGER",
            "notNull": true
          }
        ],
        "primaryKey": {
          "columnNames": [
            "id"
          ],
          "autoGenerate": false
        },
        "indices": [
          {
            "name": "index_Presets_Address_Port_Protocol",
            "unique": true,
            "columnNames": [
              "Address",
              "Port",
              "Protocol"
            ],
            "createSql": "CREATE UNIQUE INDEX IF NOT EXISTS `index_Presets_Address_Port_Protocol` ON `${TABLE_NAME}` (`Address`, `Port`, `Protocol`)"
          }
        ],
        "foreignKeys": []
      }
    ],
    "views": [],
    "setupQueries": [
      "CREATE TABLE IF NOT EXISTS room_master_table (id INTEGER PRIMARY KEY,identity_hash TEXT)",
      "INSERT OR REPLACE INTO room_master_table (id,identity_hash) VALUES(42, 'e7826934d01773f3317d5c36347643e4')"
    ]
  }
}